{
  "DummyClassifier": {
    "accuracy": 0.6766666666666666,
    "f1_score": 0.0
  },
  "LogisticRegression": {
    "accuracy": 0.8275,
    "f1_score": 0.7076271186440678,
    "roc_auc": 0.8746905312071505
  },
  "DecisionTree": {
    "accuracy": 0.8641666666666666,
    "f1_score": 0.7803234501347709,
    "roc_auc": 0.9111796791681479,
    "best_params": {
      "ccp_alpha": 0.001,
      "criterion": "entropy",
      "max_depth": 10,
      "max_leaf_nodes": null,
      "min_samples_leaf": 10,
      "min_samples_split": 2
    },
    "cv_score": 0.9084302678016906
  },
  "RandomForest": {
    "accuracy": 0.9270833333333334,
    "f1_score": 0.8807089297886844,
    "roc_auc": 0.9656009566553247,
    "best_params": {
      "max_depth": null,
      "max_features": "log2",
      "min_samples_leaf": 1,
      "n_estimators": 150
    },
    "cv_score": 0.9675659834952937
  },
  "GradientBoosting": {
    "accuracy": 0.9229166666666667,
    "f1_score": 0.8755884330867518,
    "roc_auc": 0.966429777563354,
    "best_params": {
      "learning_rate": 0.1,
      "max_depth": 5,
      "min_samples_leaf": 1,
      "n_estimators": 150
    },
    "cv_score": 0.9692332637889419
  },
  "Stacking": {
    "accuracy": 0.9283333333333333,
    "f1_score": 0.8868421052631579,
    "roc_auc": 0.9678533340104617
  }
}